age,sex,bmi,children,smoker,region,charges
19,0,27.9,0,1,2,16884.924
18,1,33.77,1,0,1,1725.5523
28,1,33.0,3,0,1,4449.462
33,1,22.705,0,0,3,21984.47061
32,1,28.88,0,0,3,3866.8552
31,0,25.74,0,0,1,3756.6216
46,0,33.44,1,0,1,8240.5896
37,0,27.74,3,0,3,7281.5056
37,1,29.83,2,0,0,6406.4107
60,0,25.84,0,0,3,28923.136919999997
25,1,26.22,0,0,0,2721.3208
62,0,26.29,0,1,1,27808.7251
23,1,34.4,0,0,2,1826.8429999999998
56,0,39.82,0,0,1,11090.7178
27,1,42.13,0,1,1,39611.7577
19,1,24.6,1,0,2,1837.237
52,0,30.78,1,0,0,10797.3362
23,1,23.845,0,0,0,2395.17155
56,1,40.3,0,0,2,10602.385
30,1,35.3,0,1,2,36837.467000000004
60,0,36.005,0,0,0,13228.84695
30,0,32.4,1,0,2,4149.736
18,1,34.1,0,0,1,1137.011
34,0,31.92,1,1,0,37701.8768
37,1,28.025,2,0,3,6203.90175
59,0,27.72,3,0,1,14001.1338
63,0,23.085,0,0,0,14451.83515
55,0,32.775,2,0,3,12268.63225
23,1,17.385,1,0,3,2775.19215
31,1,36.3,2,1,2,38711.0
22,1,35.6,0,1,2,35585.576
18,0,26.315,0,0,0,2198.18985
19,0,28.6,5,0,2,4687.7970000000005
63,1,28.31,0,0,3,13770.0979
28,1,36.4,1,1,2,51194.55914
19,1,20.425,0,0,3,1625.43375
62,0,32.965,3,0,3,15612.19335
26,1,20.8,0,0,2,2302.3
35,1,36.67,1,1,0,39774.2763
60,1,39.9,0,1,2,48173.361
24,0,26.6,0,0,0,3046.062
31,0,36.63,2,0,1,4949.7587
41,1,21.78,1,0,1,6272.4772
37,0,30.8,2,0,1,6313.759
38,1,37.05,1,0,0,6079.6715
55,1,37.3,0,0,2,20630.28351
18,0,38.665,2,0,0,3393.35635
28,0,34.77,0,0,3,3556.9223
60,0,24.53,0,0,1,12629.8967
36,1,35.2,1,1,1,38709.176
18,0,35.625,0,0,0,2211.13075
21,0,33.63,2,0,3,3579.8287
48,1,28.0,1,1,2,23568.272
36,1,34.43,0,1,1,37742.5757
40,0,28.69,3,0,3,8059.6791
58,1,36.955,2,1,3,47496.49445
58,0,31.825,2,0,0,13607.36875
18,1,31.68,2,1,1,34303.1672
53,0,22.88,1,1,1,23244.7902
34,0,37.335,2,0,3,5989.52365
43,1,27.36,3,0,0,8606.2174
25,1,33.66,4,0,1,4504.6624
64,1,24.7,1,0,3,30166.618169999998
28,0,25.935,1,0,3,4133.64165
20,0,22.42,0,1,3,14711.7438
19,0,28.9,0,0,2,1743.214
61,0,39.1,2,0,2,14235.072
40,1,26.315,1,0,3,6389.37785
40,0,36.19,0,0,1,5920.1041
28,1,23.98,3,1,1,17663.1442
27,0,24.75,0,1,1,16577.7795
31,1,28.5,5,0,0,6799.4580000000005
53,0,28.1,3,0,2,11741.726
58,1,32.01,1,0,1,11946.6259
44,1,27.4,2,0,2,7726.854
57,1,34.01,0,0,3,11356.6609
29,0,29.59,1,0,1,3947.4131
21,1,35.53,0,0,1,1532.4697
22,0,39.805,0,0,0,2755.02095
41,0,32.965,0,0,3,6571.02435
31,1,26.885,1,0,0,4441.21315
45,0,38.285,0,0,0,7935.29115
22,1,37.62,1,1,1,37165.1638
48,0,41.23,4,0,3,11033.6617
37,0,34.8,2,1,2,39836.519
45,1,22.895,2,1,3,21098.55405
57,0,31.16,0,1,3,43578.9394
56,0,27.2,0,0,2,11073.176000000001
46,0,27.74,0,0,3,8026.6666
55,0,26.98,0,0,3,11082.5772
21,0,39.49,0,0,1,2026.9741
53,0,24.795,1,0,3,10942.13205
59,1,29.83,3,1,0,30184.9367
35,1,34.77,2,0,3,5729.0053
64,0,31.3,2,1,2,47291.055
28,0,37.62,1,0,1,3766.8838
54,0,30.8,3,0,2,12105.32
55,1,38.28,0,0,1,10226.2842
56,1,19.95,0,1,0,22412.6485
38,1,19.3,0,1,2,15820.698999999999
41,0,31.6,0,0,2,6186.1269999999995
30,1,25.46,0,0,0,3645.0894
18,0,30.115,0,0,0,21344.8467
61,0,29.92,3,1,1,30942.1918
34,0,27.5,1,0,2,5003.853
20,1,28.025,1,1,3,17560.37975
19,0,28.4,1,0,2,2331.519
26,1,30.875,2,0,3,3877.30425
29,1,27.94,0,0,1,2867.1196
63,1,35.09,0,1,1,47055.5321
54,1,33.63,1,0,3,10825.2537
55,0,29.7,2,0,2,11881.358
37,1,30.8,0,0,2,4646.759
21,0,35.72,0,0,3,2404.7338
52,1,32.205,3,0,0,11488.31695
60,1,28.595,0,0,0,30259.995560000003
58,1,49.06,0,0,1,11381.3254
29,0,27.94,1,1,1,19107.7796
49,0,27.17,0,0,1,8601.3293
37,0,23.37,2,0,3,6686.4313
44,1,37.1,2,0,2,7740.3369999999995
18,1,23.75,0,0,0,1705.6245
20,0,28.975,0,0,3,2257.47525
44,1,31.35,1,1,0,39556.4945
47,0,33.915,3,0,3,10115.00885
26,0,28.785,0,0,0,3385.39915
19,0,28.3,0,1,2,17081.08
52,0,37.4,0,0,2,9634.538
32,0,17.765,2,1,3,32734.1863
38,1,34.7,2,0,2,6082.405
59,0,26.505,0,0,0,12815.44495
61,0,22.04,0,0,0,13616.3586
53,0,35.9,2,0,2,11163.568000000001
19,1,25.555,0,0,3,1632.56445
20,0,28.785,0,0,0,2457.21115
22,0,28.05,0,0,1,2155.6815
19,1,34.1,0,0,2,1261.442
22,1,25.175,0,0,3,2045.68525
54,0,31.9,3,0,1,27322.733860000004
22,0,36.0,0,0,2,2166.732
34,1,22.42,2,0,0,27375.90478
26,1,32.49,1,0,0,3490.5491
34,1,25.3,2,1,1,18972.495
29,1,29.735,2,0,3,18157.876
30,1,28.69,3,1,3,20745.9891
29,0,38.83,3,0,1,5138.2567
46,1,30.495,3,1,3,40720.55105
51,0,37.73,1,0,1,9877.6077
53,0,37.43,1,0,3,10959.6947
19,1,28.4,1,0,2,1842.519
35,1,24.13,1,0,3,5125.2157
48,1,29.7,0,0,1,7789.635
32,0,37.145,3,0,0,6334.34355
42,0,23.37,0,1,0,19964.7463
40,0,25.46,1,0,0,7077.1894
44,1,39.52,0,0,3,6948.7008
48,1,24.42,0,1,1,21223.6758
18,1,25.175,0,1,0,15518.18025
30,1,35.53,0,1,1,36950.2567
50,0,27.83,3,0,1,19749.383380000003
42,0,26.6,0,1,3,21348.706000000002
18,0,36.85,0,1,1,36149.4835
54,1,39.6,1,0,2,10450.552
32,0,29.8,2,0,2,5152.134
37,1,29.64,0,0,3,5028.1466
47,1,28.215,4,0,0,10407.08585
20,0,37.0,5,0,2,4830.63
32,0,33.155,3,0,3,6128.79745
19,0,31.825,1,0,3,2719.27975
27,1,18.905,3,0,0,4827.90495
63,1,41.47,0,0,1,13405.3903
49,1,30.3,0,0,2,8116.68
18,1,15.96,0,0,0,1694.7964
35,0,34.8,1,0,2,5246.047
24,0,33.345,0,0,3,2855.43755
63,0,37.7,0,1,2,48824.45
38,1,27.835,2,0,3,6455.86265
54,1,29.2,1,0,2,10436.096
46,0,28.9,2,0,2,8823.279
41,0,33.155,3,0,0,8538.28845
58,1,28.595,0,0,3,11735.87905
18,0,38.28,0,0,1,1631.8212
22,1,19.95,3,0,0,4005.4225
44,0,26.41,0,0,3,7419.4779
44,1,30.69,2,0,1,7731.4271
36,1,41.895,3,1,0,43753.33705
26,0,29.92,2,0,1,3981.9768
30,0,30.9,3,0,2,5325.651
41,0,32.2,1,0,2,6775.960999999999
29,0,32.11,2,0,3,4922.9159
61,1,31.57,0,0,1,12557.6053
36,0,26.2,0,0,2,4883.866
25,1,25.74,0,0,1,2137.6536
56,0,26.6,1,0,3,12044.341999999999
18,1,34.43,0,0,1,1137.4697
19,1,30.59,0,0,3,1639.5631
39,0,32.8,0,0,2,5649.715
45,0,28.6,2,0,1,8516.829
51,0,18.05,0,0,3,9644.2525
64,0,39.33,0,0,0,14901.5167
19,0,32.11,0,0,3,2130.6759
48,0,32.23,1,0,1,8871.1517
60,0,24.035,0,0,3,13012.20865
27,0,36.08,0,1,1,37133.8982
46,1,22.3,0,0,2,7147.105
28,0,28.88,1,0,0,4337.7352
59,1,26.4,0,0,1,11743.298999999999
35,1,27.74,2,1,0,20984.0936
63,0,31.8,0,0,2,13880.948999999999
40,1,41.23,1,0,0,6610.1097
20,1,33.0,1,0,2,1980.07
40,1,30.875,4,0,3,8162.71625
24,1,28.5,2,0,3,3537.703
34,0,26.73,1,0,1,5002.7827
45,0,30.9,2,0,2,8520.026
41,0,37.1,2,0,2,7371.772
53,0,26.6,0,0,3,10355.641
27,1,23.1,0,0,1,2483.736
26,0,29.92,1,0,1,3392.9768
24,0,23.21,0,0,1,25081.76784
34,0,33.7,1,0,2,5012.471
53,0,33.25,0,0,0,10564.8845
32,1,30.8,3,0,2,5253.524
19,1,34.8,0,1,2,34779.615
42,1,24.64,0,1,1,19515.5416
55,1,33.88,3,0,1,11987.1682
28,1,38.06,0,0,1,2689.4954
58,0,41.91,0,0,1,24227.33724
41,0,31.635,1,0,0,7358.17565
47,1,25.46,2,0,0,9225.2564
42,0,36.195,1,0,3,7443.64305
59,0,27.83,3,0,1,14001.2867
19,0,17.8,0,0,2,1727.785
59,1,27.5,1,0,2,12333.828000000001
39,1,24.51,2,0,3,6710.1919
40,0,22.22,2,1,1,19444.2658
18,0,26.73,0,0,1,1615.7667
31,1,38.39,2,0,1,4463.2051
19,1,29.07,0,1,3,17352.6803
44,1,38.06,1,0,1,7152.6714
23,0,36.67,2,1,0,38511.6283
33,0,22.135,1,0,0,5354.07465
55,0,26.8,1,0,2,35160.13457
40,1,35.3,3,0,2,7196.866999999999
63,0,27.74,0,1,0,29523.1656
54,1,30.02,0,0,3,24476.47851
60,0,38.06,0,0,1,12648.7034
24,1,35.86,0,0,1,1986.9334
19,1,20.9,1,0,2,1832.094
29,1,28.975,1,0,0,4040.55825
18,1,17.29,2,1,0,12829.4551
63,0,32.2,2,1,2,47305.305
54,1,34.21,2,1,1,44260.7499
27,1,30.3,3,0,2,4260.744000000001
50,1,31.825,0,1,0,41097.16175
55,0,25.365,3,0,0,13047.33235
56,1,33.63,0,1,3,43921.1837
38,0,40.15,0,0,1,5400.9805
51,1,24.415,4,0,3,11520.09985
19,1,31.92,0,1,3,33750.2918
58,0,25.2,0,0,2,11837.16
20,0,26.84,1,1,1,17085.2676
52,1,24.32,3,1,0,24869.8368
19,1,36.955,0,1,3,36219.40545
53,0,38.06,3,0,1,20462.99766
46,1,42.35,3,1,1,46151.1245
40,1,19.8,1,1,1,17179.522
59,0,32.395,3,0,0,14590.63205
45,1,30.2,1,0,2,7441.053000000001
49,1,25.84,1,0,0,9282.4806
18,1,29.37,1,0,1,1719.4363
50,1,34.2,2,1,2,42856.837999999996
41,1,37.05,2,0,3,7265.7025
50,1,27.455,1,0,0,9617.66245
25,1,27.55,0,0,3,2523.1695
47,0,26.6,2,0,0,9715.841
19,1,20.615,2,0,3,2803.69785
22,0,24.3,0,0,2,2150.469
59,1,31.79,2,0,1,12928.7911
51,0,21.56,1,0,1,9855.1314
40,0,28.12,1,1,0,22331.5668
54,1,40.565,3,1,0,48549.17835
30,1,27.645,1,0,0,4237.12655
55,0,32.395,1,0,0,11879.10405
52,0,31.2,0,0,2,9625.92
46,1,26.62,1,0,1,7742.1098
46,0,48.07,2,0,0,9432.9253
63,0,26.22,0,0,3,14256.1928
59,0,36.765,1,1,0,47896.79135
52,1,26.4,3,0,1,25992.82104
28,0,33.4,0,0,2,3172.018
29,1,29.64,1,0,0,20277.80751
25,1,45.54,2,1,1,42112.2356
22,0,28.82,0,0,1,2156.7518
25,1,26.8,3,0,2,3906.127
18,1,22.99,0,0,0,1704.5681
19,1,27.7,0,1,2,16297.846000000001
47,1,25.41,1,1,1,21978.6769
31,1,34.39,3,1,3,38746.3551
48,0,28.88,1,0,3,9249.4952
36,1,27.55,3,0,0,6746.7425
53,0,22.61,3,1,0,24873.3849
56,0,37.51,2,0,1,12265.5069
28,0,33.0,2,0,1,4349.462
57,0,38.0,2,0,2,12646.207
29,1,33.345,2,0,3,19442.3535
28,0,27.5,2,0,2,20177.671130000002
30,0,33.33,1,0,1,4151.0287
58,1,34.865,0,0,0,11944.59435
41,0,33.06,2,0,3,7749.1564
50,1,26.6,0,0,2,8444.474
19,0,24.7,0,0,2,1737.376
43,1,35.97,3,1,1,42124.5153
49,1,35.86,0,0,1,8124.4084
27,0,31.4,0,1,2,34838.873
52,1,33.25,0,0,0,9722.7695
50,1,32.205,0,0,3,8835.26495
54,1,32.775,0,0,0,10435.06525
44,0,27.645,0,0,3,7421.19455
32,1,37.335,1,0,0,4667.60765
34,1,25.27,1,0,3,4894.7533
26,0,29.64,4,0,0,24671.66334
34,1,30.8,0,1,2,35491.64
57,1,40.945,0,0,0,11566.30055
29,1,27.2,0,0,2,2866.091
40,1,34.105,1,0,0,6600.20595
27,0,23.21,1,0,1,3561.8889
45,1,36.48,2,1,3,42760.5022
64,0,33.8,1,1,2,47928.03
52,1,36.7,0,0,2,9144.565
61,0,36.385,1,1,0,48517.56315
52,1,27.36,0,1,3,24393.6224
61,0,31.16,0,0,3,13429.0354
56,0,28.785,0,0,0,11658.37915
43,0,35.72,2,0,0,19144.57652
64,1,34.5,0,0,2,13822.803
60,1,25.74,0,0,1,12142.5786
62,1,27.55,1,0,3,13937.6665
50,1,32.3,1,1,0,41919.097
46,0,27.72,1,0,1,8232.6388
24,0,27.6,0,0,2,18955.22017
62,1,30.02,0,0,3,13352.0998
60,0,27.55,0,0,0,13217.0945
63,1,36.765,0,0,0,13981.85035
49,0,41.47,4,0,1,10977.2063
34,0,29.26,3,0,1,6184.2994
33,1,35.75,2,0,1,4889.9995
46,1,33.345,1,0,0,8334.45755
36,0,29.92,1,0,1,5478.0368
19,1,27.835,0,0,3,1635.73365
57,0,23.18,0,0,3,11830.6072
50,0,25.6,0,0,2,8932.084
30,0,27.7,0,0,2,3554.203
33,1,35.245,0,0,0,12404.8791
18,0,38.28,0,0,1,14133.03775
46,1,27.6,0,0,2,24603.04837
46,1,43.89,3,0,1,8944.1151
47,1,29.83,3,0,3,9620.3307
23,1,41.91,0,0,1,1837.2819
18,0,20.79,0,0,1,1607.5101
48,0,32.3,2,0,0,10043.249
35,1,30.5,1,0,2,4751.07
19,0,21.7,0,1,2,13844.506000000001
21,0,26.4,1,0,2,2597.779
21,0,21.89,2,0,1,3180.5101
49,0,30.78,1,0,0,9778.3472
56,0,32.3,3,0,0,13430.265
42,0,24.985,2,0,3,8017.06115
44,1,32.015,2,0,3,8116.26885
18,1,30.4,3,0,0,3481.868
61,0,21.09,0,0,3,13415.0381
57,0,22.23,0,0,0,12029.2867
42,0,33.155,1,0,0,7639.41745
26,1,32.9,2,1,2,36085.219
20,1,33.33,0,0,1,1391.5287
23,0,28.31,0,1,3,18033.9679
39,0,24.89,3,1,0,21659.9301
24,1,40.15,0,1,1,38126.2465
64,0,30.115,3,0,3,16455.70785
62,1,31.46,1,0,1,27000.98473
27,0,17.955,2,1,0,15006.57945
55,1,30.685,0,1,0,42303.69215
55,1,33.0,0,0,1,20781.48892
35,0,43.34,2,0,1,5846.9176
44,1,22.135,2,0,0,8302.53565
19,1,34.4,0,0,2,1261.859
58,0,39.05,0,0,1,11856.4115
50,1,25.365,2,0,3,30284.642939999998
26,0,22.61,0,0,3,3176.8159
24,0,30.21,3,0,3,4618.0799
48,1,35.625,4,0,0,10736.87075
19,0,37.43,0,0,3,2138.0707
48,1,31.445,1,0,0,8964.06055
49,1,31.35,1,0,0,9290.1395
46,0,32.3,2,0,0,9411.005
46,1,19.855,0,0,3,7526.70645
43,0,34.4,3,0,2,8522.003
21,1,31.02,0,0,1,16586.49771
64,1,25.6,2,0,2,14988.431999999999
18,0,38.17,0,0,1,1631.6683
51,0,20.6,0,0,2,9264.796999999999
47,1,47.52,1,0,1,8083.9198
64,0,32.965,0,0,3,14692.66935
49,1,32.3,3,0,3,10269.46
31,1,20.4,0,0,2,3260.199
52,0,38.38,2,0,0,11396.9002
33,0,24.31,0,0,1,4185.0979
47,0,23.6,1,0,2,8539.671
38,1,21.12,3,0,1,6652.5288
32,1,30.03,1,0,1,4074.4537
19,1,17.48,0,0,3,1621.3402
44,0,20.235,1,1,0,19594.80965
26,0,17.195,2,1,0,14455.64405
25,1,23.9,5,0,2,5080.096
19,0,35.15,0,0,3,2134.9015
43,0,35.64,1,0,1,7345.7266
52,1,34.1,0,0,1,9140.951
36,0,22.6,2,1,2,18608.262
64,1,39.16,1,0,1,14418.2804
63,0,26.98,0,1,3,28950.4692
64,1,33.88,0,1,1,46889.2612
61,1,35.86,0,1,1,46599.1084
40,1,32.775,1,1,0,39125.33225
25,1,30.59,0,0,0,2727.3951
48,1,30.2,2,0,2,8968.33
45,1,24.31,5,0,1,9788.8659
38,0,27.265,1,0,0,6555.07035
18,0,29.165,0,0,0,7323.734818999999
21,0,16.815,1,0,0,3167.45585
27,0,30.4,3,0,3,18804.7524
19,1,33.1,0,0,2,23082.95533
29,0,20.235,2,0,3,4906.40965
42,1,26.9,0,0,2,5969.723000000001
60,0,30.5,0,0,2,12638.195
31,1,28.595,1,0,3,4243.59005
60,1,33.11,3,0,1,13919.8229
22,1,31.73,0,0,0,2254.7967
35,1,28.9,3,0,2,5926.846
52,0,46.75,5,0,1,12592.5345
26,1,29.45,0,0,0,2897.3235
31,0,32.68,1,0,3,4738.2682
33,0,33.5,0,1,2,37079.372
18,1,43.01,0,0,1,1149.3959
59,0,36.52,1,0,1,28287.897660000002
56,1,26.695,1,1,3,26109.32905
45,0,33.1,0,0,2,7345.084
60,1,29.64,0,0,0,12730.9996
56,0,25.65,0,0,3,11454.0215
40,0,29.6,0,0,2,5910.944
35,1,38.6,1,0,2,4762.329000000001
39,1,29.6,4,0,2,7512.267
30,1,24.13,1,0,3,4032.2407
24,1,23.4,0,0,2,1969.614
20,1,29.735,0,0,3,1769.53165
32,1,46.53,2,0,1,4686.3887
59,1,37.4,0,0,2,21797.0004
55,0,30.14,2,0,1,11881.9696
57,0,30.495,0,0,3,11840.77505
56,1,39.6,0,0,2,10601.412
40,0,33.0,3,0,1,7682.67
49,0,36.63,3,0,1,10381.4787
42,1,30.0,0,1,2,22144.032000000003
62,0,38.095,2,0,0,15230.32405
56,1,25.935,0,0,0,11165.41765
19,1,25.175,0,0,3,1632.03625
30,0,28.38,1,1,1,19521.9682
60,0,28.7,1,0,2,13224.693000000001
56,0,33.82,2,0,3,12643.3778
28,0,24.32,1,0,0,23288.9284
18,0,24.09,1,0,1,2201.0971
27,1,32.67,0,0,1,2497.0383
18,0,30.115,0,0,0,2203.47185
19,0,29.8,0,0,2,1744.465
47,0,33.345,0,0,0,20878.78443
54,1,25.1,3,1,2,25382.297000000002
61,1,28.31,1,1,3,28868.6639
24,1,28.5,0,1,0,35147.52848
25,1,35.625,0,0,3,2534.39375
21,1,36.85,0,0,1,1534.3045
23,1,32.56,0,0,1,1824.2854
63,1,41.325,3,0,3,15555.18875
49,1,37.51,2,0,1,9304.7019
18,0,31.35,0,0,1,1622.1885
51,0,39.5,1,0,2,9880.068000000001
48,1,34.3,3,0,2,9563.029
31,0,31.065,0,0,0,4347.02335
54,0,21.47,3,0,3,12475.3513
19,1,28.7,0,0,2,1253.9360000000001
44,0,38.06,0,1,1,48885.135610000005
53,1,31.16,1,0,3,10461.9794
19,0,32.9,0,0,2,1748.774
61,0,25.08,0,0,1,24513.09126
18,0,25.08,0,0,0,2196.4732
61,1,43.4,0,0,2,12574.048999999999
21,1,25.7,4,1,2,17942.106
20,1,27.93,0,0,0,1967.0227
31,0,23.6,2,0,2,4931.647
45,1,28.7,2,0,2,8027.968000000001
44,0,23.98,2,0,1,8211.1002
62,0,39.2,0,0,2,13470.86
29,1,34.4,0,1,2,36197.699
43,1,26.03,0,0,0,6837.3687
51,1,23.21,1,1,1,22218.1149
19,1,30.25,0,1,1,32548.3405
38,0,28.93,1,0,1,5974.3847
37,1,30.875,3,0,3,6796.86325
22,1,31.35,1,0,3,2643.2685
21,1,23.75,2,0,3,3077.0955
24,0,25.27,0,0,0,3044.2133
57,0,28.7,0,0,2,11455.28
56,1,32.11,1,0,0,11763.0009
27,1,33.66,0,0,1,2498.4144
51,1,22.42,0,0,0,9361.3268
19,1,30.4,0,0,2,1256.299
39,1,28.3,1,1,2,21082.16
58,1,35.7,0,0,2,11362.755
20,1,35.31,1,0,1,27724.28875
45,1,30.495,2,0,3,8413.46305
35,0,31.0,1,0,2,5240.765
31,1,30.875,0,0,0,3857.75925
50,0,27.36,0,0,0,25656.575259999998
32,0,44.22,0,0,1,3994.1778
51,0,33.915,0,0,0,9866.30485
38,0,37.73,0,0,1,5397.6167
42,1,26.07,1,1,1,38245.59327
18,0,33.88,0,0,1,11482.63485
19,0,30.59,2,0,3,24059.68019
51,0,25.8,1,0,2,9861.025
46,1,39.425,1,0,0,8342.90875
18,1,25.46,0,0,0,1708.0014
57,1,42.13,1,1,1,48675.5177
62,0,31.73,0,0,0,14043.4767
59,1,29.7,2,0,1,12925.886
37,1,36.19,0,0,1,19214.705530000003
64,1,40.48,0,0,1,13831.1152
38,1,28.025,1,0,0,6067.12675
33,0,38.9,3,0,2,5972.378000000001
46,0,30.2,2,0,2,8825.086
46,0,28.05,1,0,1,8233.0975
53,1,31.35,0,0,1,27346.04207
34,0,38.0,3,0,2,6196.448
20,0,31.79,2,0,1,3056.3881
63,0,36.3,0,0,1,13887.204
54,0,47.41,0,1,1,63770.42801
54,1,30.21,0,0,3,10231.4999
49,1,25.84,2,1,3,23807.2406
28,1,35.435,0,0,0,3268.84665
54,0,46.7,2,0,2,11538.421
25,0,28.595,0,0,0,3213.62205
43,0,46.2,0,1,1,45863.205
63,1,30.8,0,0,2,13390.559
32,0,28.93,0,0,1,3972.9247
62,1,21.4,0,0,2,12957.118
52,0,31.73,2,0,3,11187.6567
25,0,41.325,0,0,0,17878.900680000002
28,1,23.8,2,0,2,3847.6740000000004
46,1,33.44,1,0,0,8334.5896
34,1,34.21,0,0,1,3935.1799
35,0,34.105,3,1,3,39983.42595
19,1,35.53,0,0,3,1646.4297
46,0,19.95,2,0,3,9193.8385
54,0,32.68,0,0,0,10923.9332
27,1,30.5,0,0,2,2494.022
50,1,44.77,1,0,1,9058.7303
18,0,32.12,2,0,1,2801.2588
19,0,30.495,0,0,3,2128.43105
38,0,40.565,1,0,3,6373.55735
41,1,30.59,2,0,3,7256.7231
49,0,31.9,5,0,2,11552.903999999999
48,1,40.565,2,1,3,45702.02235
31,0,29.1,0,0,2,3761.292
18,0,37.29,1,0,1,2219.4451
30,0,43.12,2,0,1,4753.6368
62,0,36.86,1,0,0,31620.001060000002
57,0,34.295,2,0,0,13224.05705
58,0,27.17,0,0,3,12222.8983
22,1,26.84,0,0,1,1664.9996
31,0,38.095,1,1,0,58571.074479999996
52,1,30.2,1,0,2,9724.53
25,0,23.465,0,0,0,3206.49135
59,1,25.46,1,0,0,12913.9924
39,1,45.43,2,0,1,6356.2707
32,0,23.65,1,0,1,17626.23951
19,1,20.7,0,0,2,1242.816
33,0,28.27,1,0,1,4779.6023
21,1,20.235,3,0,0,3861.20965
34,0,30.21,1,1,3,43943.8761
61,0,35.91,0,0,0,13635.6379
38,0,30.69,1,0,1,5976.8311
58,0,29.0,0,0,2,11842.442
47,1,19.57,1,0,3,8428.0693
20,1,31.13,2,0,1,2566.4707
21,0,21.85,1,1,0,15359.1045
41,1,40.26,0,0,1,5709.1644
46,0,33.725,1,0,0,8823.98575
42,0,29.48,2,0,1,7640.3092
34,0,33.25,1,0,0,5594.8455
43,1,32.6,2,0,2,7441.501
52,0,37.525,2,0,3,33471.97189
18,0,39.16,0,0,1,1633.0444
51,1,31.635,0,0,3,9174.13565
56,0,25.3,0,0,2,11070.535
64,0,39.05,3,0,1,16085.1275
19,0,28.31,0,1,3,17468.9839
51,0,34.1,0,0,1,9283.562
27,0,25.175,0,0,0,3558.62025
59,0,23.655,0,1,3,25678.77845
28,1,26.98,2,0,0,4435.0942
30,1,37.8,2,1,2,39241.442
47,0,29.37,1,0,1,8547.6913
38,0,34.8,2,0,2,6571.544
18,0,33.155,0,0,0,2207.69745
34,0,19.0,3,0,0,6753.0380000000005
20,0,33.0,0,0,1,1880.07
47,0,36.63,1,1,1,42969.8527
56,0,28.595,0,0,0,11658.11505
49,1,25.6,2,1,2,23306.547000000002
19,0,33.11,0,1,1,34439.8559
55,0,37.1,0,0,2,10713.643999999998
30,1,31.4,1,0,2,3659.3459999999995
37,1,34.1,4,1,2,40182.246
49,0,21.3,1,0,2,9182.17
18,1,33.535,0,1,0,34617.84065
59,1,28.785,0,0,3,12129.61415
29,0,26.03,0,0,3,3736.4647
36,1,28.88,3,0,0,6748.5912
33,1,42.46,1,0,1,11326.71487
58,1,38.0,0,0,2,11365.952
44,0,38.95,0,1,3,42983.4585
53,1,36.1,1,0,2,10085.846
24,1,29.3,0,0,2,1977.815
29,0,35.53,0,0,1,3366.6697
40,1,22.705,2,0,0,7173.35995
51,1,39.7,1,0,2,9391.346
64,1,38.19,0,0,0,14410.9321
19,0,24.51,1,0,3,2709.1119
35,0,38.095,2,0,0,24915.04626
39,1,26.41,0,1,0,20149.3229
56,1,33.66,4,0,1,12949.1554
33,1,42.4,5,0,2,6666.243
42,1,28.31,3,1,3,32787.458589999995
61,1,33.915,0,0,0,13143.86485
23,0,34.96,3,0,3,4466.6214
43,1,35.31,2,0,1,18806.14547
48,1,30.78,3,0,0,10141.1362
39,1,26.22,1,0,3,6123.5688
40,0,23.37,3,0,0,8252.2843
18,1,28.5,0,0,0,1712.227
58,0,32.965,0,0,0,12430.95335
49,0,42.68,2,0,1,9800.8882
53,0,39.6,1,0,1,10579.711000000001
48,0,31.13,0,0,1,8280.6227
45,0,36.3,2,0,1,8527.532
59,0,35.2,0,0,1,12244.531
52,0,25.3,2,1,1,24667.418999999998
26,0,42.4,1,0,2,3410.324
27,1,33.155,2,0,3,4058.71245
48,0,35.91,1,0,0,26392.260290000002
57,0,28.785,4,0,0,14394.39815
37,1,46.53,3,0,1,6435.6237
57,0,23.98,1,0,1,22192.43711
32,0,31.54,1,0,0,5148.5526
18,1,33.66,0,0,1,1136.3994
64,0,22.99,0,1,1,27037.9141
43,1,38.06,2,1,1,42560.4304
49,1,28.7,1,0,2,8703.456
40,0,32.775,2,1,3,40003.33225
62,1,32.015,0,1,0,45710.20785
40,0,29.81,1,0,1,6500.2359
30,1,31.57,3,0,1,4837.5823
29,0,31.16,0,0,0,3943.5954
36,1,29.7,0,0,1,4399.731
41,0,31.02,0,0,1,6185.3208
44,0,43.89,2,1,1,46200.9851
45,1,21.375,0,0,3,7222.78625
55,0,40.81,3,0,1,12485.8009
60,1,31.35,3,1,3,46130.5265
56,1,36.1,3,0,2,12363.546999999999
49,0,23.18,2,0,3,10156.7832
21,0,17.4,1,0,2,2585.269
19,1,20.3,0,0,2,1242.26
39,1,35.3,2,1,2,40103.89
53,1,24.32,0,0,3,9863.4718
33,0,18.5,1,0,2,4766.022
53,1,26.41,2,0,0,11244.3769
42,1,26.125,2,0,0,7729.64575
40,1,41.69,0,0,1,5438.7491
47,0,24.1,1,0,2,26236.57997
27,1,31.13,1,1,1,34806.4677
21,1,27.36,0,0,0,2104.1134
47,1,36.2,1,0,2,8068.185
20,1,32.395,1,0,3,2362.22905
24,1,23.655,0,0,3,2352.96845
27,0,34.8,1,0,2,3577.9990000000003
26,0,40.185,0,0,3,3201.24515
53,0,32.3,2,0,0,29186.48236
41,1,35.75,1,1,1,40273.6455
56,1,33.725,0,0,3,10976.24575
23,0,39.27,2,0,1,3500.6123
21,0,34.87,0,0,1,2020.5523
50,0,44.745,0,0,0,9541.69555
53,1,41.47,0,0,1,9504.3103
34,0,26.41,1,0,3,5385.3379
47,0,29.545,1,0,3,8930.93455
33,0,32.9,2,0,2,5375.0380000000005
51,0,38.06,0,1,1,44400.4064
49,1,28.69,3,0,3,10264.4421
31,0,30.495,3,0,0,6113.23105
36,0,27.74,0,0,0,5469.0066
18,1,35.2,1,0,1,1727.54
50,0,23.54,2,0,1,10107.2206
43,0,30.685,2,0,3,8310.83915
20,1,40.47,0,0,0,1984.4533
24,0,22.6,0,0,2,2457.502
60,1,28.9,0,0,2,12146.971000000001
49,0,22.61,1,0,3,9566.9909
60,1,24.32,1,0,3,13112.6048
51,0,36.67,2,0,3,10848.1343
58,0,33.44,0,0,3,12231.6136
51,0,40.66,0,0,0,9875.6804
53,1,36.6,3,0,2,11264.541000000001
62,1,37.4,0,0,2,12979.358
19,1,35.4,0,0,2,1263.249
50,0,27.075,1,0,0,10106.13425
30,0,39.05,3,1,1,40932.4295
41,1,28.405,1,0,3,6664.68595
29,0,21.755,1,1,0,16657.71745
18,0,40.28,0,0,0,2217.6012
41,0,36.08,1,0,1,6781.3542
35,1,24.42,3,1,1,19361.9988
53,1,21.4,1,0,2,10065.413
24,0,30.1,3,0,2,4234.927
48,0,27.265,1,0,0,9447.25035
59,0,32.1,3,0,2,14007.222
49,0,34.77,1,0,3,9583.8933
37,0,38.39,0,1,1,40419.0191
26,1,23.7,2,0,2,3484.3309999999997
23,1,31.73,3,1,0,36189.1017
29,1,35.5,2,1,2,44585.45587
45,1,24.035,2,0,0,8604.48365
27,1,29.15,0,1,1,18246.4955
53,1,34.105,0,1,0,43254.41795
31,0,26.62,0,0,1,3757.8448
50,1,26.41,0,0,3,8827.2099
50,0,30.115,1,0,3,9910.35985
34,1,27.0,2,0,2,11737.84884
19,1,21.755,0,0,3,1627.28245
47,0,36.0,1,0,2,8556.907
28,1,30.875,0,0,3,3062.50825
37,0,26.4,0,1,1,19539.243000000002
21,1,28.975,0,0,3,1906.35825
64,1,37.905,0,0,3,14210.53595
58,0,22.77,0,0,1,11833.7823
24,1,33.63,4,0,0,17128.42608
31,1,27.645,2,0,0,5031.26955
39,0,22.8,3,0,0,7985.815
47,0,27.83,0,1,1,23065.4207
30,1,37.43,3,0,0,5428.7277
18,1,38.17,0,1,1,36307.7983
22,0,34.58,2,0,0,3925.7582
23,1,35.2,1,0,2,2416.955
33,1,27.1,1,1,2,19040.876
27,1,26.03,0,0,0,3070.8087
45,0,25.175,2,0,0,9095.06825
57,0,31.825,0,0,3,11842.62375
47,1,32.3,1,0,2,8062.764
42,0,29.0,1,0,2,7050.642
64,0,39.7,0,0,2,14319.031
38,0,19.475,2,0,3,6933.24225
61,1,36.1,3,0,2,27941.28758
53,0,26.7,2,0,2,11150.78
44,0,36.48,0,0,0,12797.20962
19,0,28.88,0,1,3,17748.5062
41,1,34.2,2,0,3,7261.741
51,1,33.33,3,0,1,10560.4917
40,1,32.3,2,0,3,6986.696999999999
45,1,39.805,0,0,0,7448.40395
35,1,34.32,3,0,1,5934.3798
53,1,28.88,0,0,3,9869.8102
30,1,24.4,3,1,2,18259.216
18,1,41.14,0,0,1,1146.7966
51,1,35.97,1,0,1,9386.1613
50,0,27.6,1,1,2,24520.264
31,0,29.26,1,0,1,4350.5144
35,0,27.7,3,0,2,6414.178000000001
60,1,36.955,0,0,0,12741.16745
21,1,36.86,0,0,3,1917.3184
29,1,22.515,3,0,0,5209.57885
62,0,29.92,0,0,1,13457.9608
39,0,41.8,0,0,1,5662.225
19,1,27.6,0,0,2,1252.407
22,0,23.18,0,0,0,2731.9122
53,1,20.9,0,1,1,21195.818
39,0,31.92,2,0,3,7209.4918
27,1,28.5,0,1,3,18310.742
30,1,44.22,2,0,1,4266.1658
30,0,22.895,1,0,0,4719.52405
58,0,33.1,0,0,2,11848.141000000001
33,1,24.795,0,1,0,17904.52705
42,0,26.18,1,0,1,7046.7222
64,0,35.97,0,0,1,14313.8463
21,1,22.3,1,0,2,2103.08
18,0,42.24,0,1,1,38792.6856
23,1,26.51,0,0,1,1815.8759
45,0,35.815,0,0,3,7731.85785
40,0,41.42,1,0,3,28476.734989999997
19,0,36.575,0,0,3,2136.88225
18,1,30.14,0,0,1,1131.5066
25,1,25.84,1,0,0,3309.7926
46,0,30.8,3,0,2,9414.92
33,0,42.94,3,0,3,6360.9936
54,1,21.01,2,0,1,11013.7119
28,1,22.515,2,0,0,4428.88785
36,1,34.43,2,0,1,5584.3057
20,0,31.46,0,0,1,1877.9294
24,0,24.225,0,0,3,2842.76075
23,1,37.1,3,0,2,3597.5959999999995
47,0,26.125,1,1,0,23401.30575
33,0,35.53,0,1,3,55135.402089999996
45,1,33.7,1,0,2,7445.918000000001
26,1,17.67,0,0,3,2680.9493
18,0,31.13,0,0,1,1621.8827
44,0,29.81,2,0,1,8219.2039
60,1,24.32,0,0,3,12523.6048
64,0,31.825,2,0,0,16069.08475
56,1,31.79,2,1,1,43813.8661
36,1,28.025,1,1,0,20773.62775
41,1,30.78,3,1,0,39597.4072
39,1,21.85,1,0,3,6117.4945
63,1,33.1,0,0,2,13393.756000000001
36,0,25.84,0,0,3,5266.3656
28,0,23.845,2,0,3,4719.73655
58,1,34.39,0,0,3,11743.9341
36,1,33.82,1,0,3,5377.4578
42,1,35.97,2,0,1,7160.3303
36,1,31.5,0,0,2,4402.233
56,0,28.31,0,0,0,11657.7189
35,0,23.465,2,0,0,6402.29135
59,0,31.35,0,0,3,12622.1795
21,1,31.1,0,0,2,1526.3120000000001
59,1,24.7,0,0,0,12323.936000000002
23,0,32.78,2,1,1,36021.0112
57,0,29.81,0,1,1,27533.9129
53,1,30.495,0,0,0,10072.05505
60,0,32.45,0,1,1,45008.9555
51,0,34.2,1,0,2,9872.701
23,1,50.38,1,0,1,2438.0552
27,0,24.1,0,0,2,2974.1259999999997
55,1,32.775,0,0,3,10601.63225
37,0,30.78,0,1,0,37270.1512
61,1,32.3,2,0,3,14119.62
46,0,35.53,0,1,0,42111.6647
53,0,23.75,2,0,0,11729.6795
49,0,23.845,3,1,0,24106.91255
20,0,29.6,0,0,2,1875.344
48,0,33.11,0,1,1,40974.1649
25,1,24.13,0,1,3,15817.9857
25,0,32.23,1,0,1,18218.16139
57,1,28.1,0,0,2,10965.446000000002
37,0,47.6,2,1,2,46113.511
38,0,28.0,3,0,2,7151.092
55,0,33.535,2,0,3,12269.68865
36,0,19.855,0,0,0,5458.04645
51,1,25.4,0,0,2,8782.469000000001
40,1,29.9,2,0,2,6600.361
18,1,37.29,0,0,1,1141.4451
57,1,43.7,1,0,2,11576.13
61,1,23.655,0,0,0,13129.60345
25,0,24.3,3,0,2,4391.652
50,1,36.2,0,0,2,8457.818000000001
26,0,29.48,1,0,1,3392.3652
42,1,24.86,0,0,1,5966.8874
43,1,30.1,1,0,2,6849.026
44,1,21.85,3,0,0,8891.1395
23,0,28.12,0,0,3,2690.1138
49,0,27.1,1,0,2,26140.3603
33,1,33.44,5,0,1,6653.7886
41,1,28.8,1,0,2,6282.235
37,0,29.5,2,0,2,6311.951999999999
22,1,34.8,3,0,2,3443.0640000000003
23,1,27.36,1,0,3,2789.0574
21,0,22.135,0,0,0,2585.85065
51,0,37.05,3,1,0,46255.1125
25,1,26.695,4,0,3,4877.98105
32,1,28.93,1,1,1,19719.6947
57,1,28.975,0,1,0,27218.43725
36,0,30.02,0,0,3,5272.1758
22,1,39.5,0,0,2,1682.5970000000002
57,1,33.63,1,0,3,11945.1327
64,0,26.885,0,1,3,29330.98315
36,0,29.04,4,0,1,7243.8136
54,1,24.035,0,0,0,10422.91665
47,1,38.94,2,1,1,44202.6536
62,1,32.11,0,0,0,13555.0049
61,0,44.0,0,0,2,13063.883
43,0,20.045,2,1,0,19798.05455
19,1,25.555,1,0,3,2221.56445
18,0,40.26,0,0,1,1634.5734
19,0,22.515,0,0,3,2117.33885
49,1,22.515,0,0,0,8688.85885
60,1,40.92,0,1,1,48673.5588
26,1,27.265,3,0,0,4661.28635
49,1,36.85,0,0,1,8125.7845
60,0,35.1,0,0,2,12644.589
26,0,29.355,2,0,0,4564.19145
27,1,32.585,3,0,0,4846.92015
44,0,32.34,1,0,1,7633.7206
63,1,39.8,3,0,2,15170.069
32,0,24.6,0,1,2,17496.306
22,1,28.31,1,0,3,2639.0429
18,1,31.73,0,1,0,33732.6867
59,0,26.695,3,0,3,14382.70905
44,0,27.5,1,0,2,7626.993
33,1,24.605,2,0,3,5257.50795
24,0,33.99,0,0,1,2473.3341
43,0,26.885,0,1,3,21774.32215
45,1,22.895,0,1,0,35069.37452
61,0,28.2,0,0,2,13041.921
35,0,34.21,1,0,1,5245.2269
62,0,25.0,0,0,2,13451.122
62,0,33.2,0,0,2,13462.52
38,1,31.0,1,0,2,5488.262
34,1,35.815,0,0,3,4320.41085
43,1,23.2,0,0,2,6250.435
50,1,32.11,2,0,0,25333.33284
19,0,23.4,2,0,2,2913.5690000000004
57,0,20.1,1,0,2,12032.326000000001
62,0,39.16,0,0,1,13470.8044
41,1,34.21,1,0,1,6289.7549
26,1,46.53,1,0,1,2927.0647
39,0,32.5,1,0,2,6238.298000000001
46,1,25.8,5,0,2,10096.97
45,0,35.3,0,0,2,7348.142
32,1,37.18,2,0,1,4673.3922
59,0,27.5,0,0,2,12233.828000000001
44,1,29.735,2,0,0,32108.662819999998
39,0,24.225,5,0,3,8965.79575
18,1,26.18,2,0,1,2304.0022
53,1,29.48,0,0,1,9487.6442
18,1,23.21,0,0,1,1121.8739
50,0,46.09,1,0,1,9549.5651
18,0,40.185,0,0,0,2217.46915
19,1,22.61,0,0,3,1628.4709
62,1,39.93,0,0,1,12982.8747
56,0,35.8,1,0,2,11674.13
42,1,35.8,2,0,2,7160.094
37,1,34.2,1,1,0,39047.285
42,1,31.255,0,0,3,6358.77645
25,1,29.7,3,1,2,19933.458
57,1,18.335,0,0,0,11534.87265
51,1,42.9,2,1,1,47462.894
30,0,28.405,1,0,3,4527.18295
44,1,30.2,2,1,2,38998.546
34,1,27.835,1,1,3,20009.63365
31,1,39.49,1,0,1,3875.7341
54,1,30.8,1,1,1,41999.52
24,1,26.79,1,0,3,12609.88702
43,1,34.96,1,1,0,41034.2214
48,1,36.67,1,0,3,28468.91901
19,0,39.615,1,0,3,2730.10785
29,0,25.9,0,0,2,3353.284
63,0,35.2,1,0,1,14474.675
46,1,24.795,3,0,0,9500.57305
52,1,36.765,2,0,3,26467.09737
35,1,27.1,1,0,2,4746.344
51,1,24.795,2,1,3,23967.38305
44,1,25.365,1,0,3,7518.02535
21,1,25.745,2,0,0,3279.86855
39,0,34.32,5,0,1,8596.8278
50,0,28.16,3,0,1,10702.6424
34,0,23.56,0,0,0,4992.3764
22,0,20.235,0,0,3,2527.81865
19,0,40.5,0,0,2,1759.338
26,1,35.42,0,0,1,2322.6218
29,1,22.895,0,1,0,16138.76205
48,1,40.15,0,0,1,7804.1605
26,1,29.15,1,0,1,2902.9065
45,0,39.995,3,0,0,9704.66805
36,0,29.92,0,0,1,4889.0368
54,1,25.46,1,0,0,25517.11363
34,1,21.375,0,0,0,4500.33925
31,1,25.9,3,1,2,19199.944
27,0,30.59,1,0,0,16796.41194
20,1,30.115,5,0,0,4915.05985
44,0,25.8,1,0,2,7624.63
43,1,30.115,3,0,3,8410.04685
45,0,27.645,1,0,3,28340.18885
34,1,34.675,0,0,0,4518.82625
24,0,20.52,0,1,0,14571.8908
26,0,19.8,1,0,2,3378.91
38,0,27.835,2,0,0,7144.86265
50,0,31.6,2,0,2,10118.424
38,1,28.27,1,0,1,5484.4673
27,0,20.045,3,1,3,16420.49455
39,0,23.275,3,0,0,7986.47525
39,0,34.1,3,0,2,7418.522
63,0,36.85,0,0,1,13887.9685
33,0,36.29,3,0,0,6551.7501
36,0,26.885,0,0,3,5267.81815
30,1,22.99,2,1,3,17361.7661
24,1,32.7,0,1,2,34472.841
24,1,25.8,0,0,2,1972.95
48,1,29.6,0,0,2,21232.182259999998
47,1,19.19,1,0,0,8627.5411
29,1,31.73,2,0,3,4433.3877
28,1,29.26,2,0,0,4438.2634
47,1,28.215,3,1,3,24915.22085
25,1,24.985,2,0,0,23241.47453
51,1,27.74,1,0,0,9957.7216
48,0,22.8,0,0,2,8269.044
43,1,20.13,2,1,1,18767.7377
61,0,33.33,4,0,1,36580.28216
48,1,32.3,1,0,3,8765.249
38,0,27.6,0,0,2,5383.536
59,1,25.46,0,0,3,12124.9924
19,0,24.605,1,0,3,2709.24395
26,0,34.2,2,0,2,3987.926
54,0,35.815,3,0,3,12495.29085
21,0,32.68,2,0,3,26018.95052
51,1,37.0,0,0,2,8798.593
22,0,31.02,3,1,1,35595.5898
47,1,36.08,1,1,1,42211.1382
18,1,23.32,1,0,1,1711.0268
47,0,45.32,1,0,1,8569.8618
21,0,34.6,0,0,2,2020.1770000000001
19,1,26.03,1,1,3,16450.8947
23,1,18.715,0,0,3,21595.38229
54,1,31.6,0,0,2,9850.431999999999
37,0,17.29,2,0,0,6877.9801
46,0,23.655,1,1,3,21677.28345
55,0,35.2,0,1,1,44423.803
30,0,27.93,0,0,0,4137.5227
18,1,21.565,0,1,0,13747.87235
61,1,38.38,0,0,3,12950.0712
54,0,23.0,3,0,2,12094.478000000001
22,1,37.07,2,1,1,37484.4493
45,0,30.495,1,1,3,39725.51805
22,1,28.88,0,0,0,2250.8352
19,1,27.265,2,0,3,22493.65964
35,0,28.025,0,1,3,20234.85475
18,1,23.085,0,0,0,1704.70015
20,1,30.685,0,1,0,33475.81715
28,0,25.8,0,0,2,3161.454
55,1,35.245,1,0,0,11394.06555
43,0,24.7,2,1,3,21880.82
43,0,25.08,0,0,0,7325.0482
22,1,52.58,1,1,1,44501.3982
25,0,22.515,1,0,3,3594.17085
49,1,30.9,0,1,2,39727.614
44,0,36.955,1,0,3,8023.13545
64,1,26.41,0,0,0,14394.5579
49,1,29.83,1,0,0,9288.0267
47,1,29.8,3,1,2,25309.488999999998
27,0,21.47,0,0,3,3353.4703
55,1,27.645,0,0,3,10594.50155
48,0,28.9,0,0,2,8277.523000000001
45,0,31.79,0,0,1,17929.303369999998
24,0,39.49,0,0,1,2480.9791
32,1,33.82,1,0,3,4462.7218
24,1,32.01,0,0,1,1981.5819
57,1,27.94,1,0,1,11554.2236
59,1,41.14,1,1,1,48970.2476
36,1,28.595,3,0,3,6548.19505
29,0,25.6,4,0,2,5708.866999999999
42,0,25.3,1,0,2,7045.499
48,1,37.29,2,0,1,8978.1851
39,1,42.655,0,0,0,5757.41345
63,1,21.66,1,0,3,14349.8544
54,0,31.9,1,0,1,10928.848999999998
37,1,37.07,1,1,1,39871.7043
63,1,31.445,0,0,0,13974.45555
21,1,31.255,0,0,3,1909.52745
54,0,28.88,2,0,0,12096.6512
60,0,18.335,0,0,0,13204.28565
32,0,29.59,1,0,1,4562.8421
47,0,32.0,1,0,2,8551.347
21,1,26.03,0,0,0,2102.2647
28,1,31.68,0,1,1,34672.1472
63,1,33.66,3,0,1,15161.5344
18,1,21.78,2,0,1,11884.04858
32,1,27.835,1,0,3,4454.40265
38,1,19.95,1,0,3,5855.9025
32,1,31.5,1,0,2,4076.4970000000003
62,0,30.495,2,0,3,15019.76005
39,0,18.3,5,1,2,19023.26
55,1,28.975,0,0,0,10796.35025
57,1,31.54,0,0,3,11353.2276
52,1,47.74,1,0,1,9748.9106
56,1,22.1,0,0,2,10577.087
47,1,36.19,0,1,1,41676.0811
55,0,29.83,0,0,0,11286.5387
23,1,32.7,3,0,2,3591.48
22,0,30.4,0,1,3,33907.547999999995
50,0,33.7,4,0,2,11299.343
18,0,31.35,4,0,0,4561.1885
51,0,34.96,2,1,0,44641.1974
22,1,33.77,0,0,1,1674.6323
52,0,30.875,0,0,0,23045.56616
25,0,33.99,1,0,1,3227.1211
33,0,19.095,2,1,0,16776.30405
53,1,28.6,3,0,2,11253.421
29,1,38.94,1,0,1,3471.4096
58,1,36.08,0,0,1,11363.2832
37,1,29.8,0,0,2,20420.60465
54,0,31.24,0,0,1,10338.9316
49,0,29.925,0,0,3,8988.15875
50,0,26.22,2,0,3,10493.9458
26,1,30.0,1,0,2,2904.0879999999997
45,1,20.35,3,0,1,8605.3615
54,0,32.3,1,0,0,11512.405
38,1,38.39,3,1,1,41949.2441
48,0,25.85,3,1,1,24180.9335
28,0,26.315,3,0,3,5312.16985
23,1,24.51,0,0,0,2396.0959
55,1,32.67,1,0,1,10807.4863
41,1,29.64,5,0,0,9222.4026
25,1,33.33,2,1,1,36124.5737
33,1,35.75,1,1,1,38282.7495
30,0,19.95,3,0,3,5693.4305
23,0,31.4,0,1,2,34166.273
46,1,38.17,2,0,1,8347.1643
53,0,36.86,3,1,3,46661.4424
27,0,32.395,1,0,0,18903.49141
23,0,42.75,1,1,0,40904.1995
63,0,25.08,0,0,3,14254.6082
55,1,29.9,0,0,2,10214.636
35,0,35.86,2,0,1,5836.5204
34,1,32.8,1,0,2,14358.36437
19,0,18.6,0,0,2,1728.8970000000002
39,0,23.87,5,0,1,8582.3023
27,1,45.9,2,0,2,3693.428
57,1,40.28,0,0,0,20709.02034
52,0,18.335,0,0,3,9991.03765
28,1,33.82,0,0,3,19673.335730000003
50,0,28.12,3,0,3,11085.5868
44,0,25.0,1,0,2,7623.518
26,0,22.23,0,0,3,3176.2877
33,1,30.25,0,0,1,3704.3545
19,0,32.49,0,1,3,36898.73308
50,1,37.07,1,0,1,9048.0273
41,0,32.6,3,0,2,7954.517
52,0,24.86,0,0,1,27117.99378
39,1,32.34,2,0,1,6338.0756
50,1,32.3,2,0,2,9630.396999999999
52,1,32.775,3,0,3,11289.10925
60,1,32.8,0,1,2,52590.82939
20,0,31.92,0,0,3,2261.5688
55,1,21.5,1,0,2,10791.96
42,1,34.1,0,0,2,5979.731
18,0,30.305,0,0,0,2203.73595
58,0,36.48,0,0,3,12235.8392
43,0,32.56,3,1,1,40941.2854
35,0,35.815,1,0,3,5630.45785
48,0,27.93,4,0,3,11015.1747
36,0,22.135,3,0,0,7228.21565
19,1,44.88,0,1,1,39722.7462
23,0,23.18,2,0,3,14426.07385
20,0,30.59,0,0,0,2459.7201
32,0,41.1,0,0,2,3989.841
43,0,34.58,1,0,3,7727.2532
34,1,42.13,2,0,1,5124.1887
30,1,38.83,1,0,1,18963.171919999997
18,0,28.215,0,0,0,2200.83085
41,0,28.31,1,0,3,7153.5539
35,0,26.125,0,0,0,5227.98875
57,1,40.37,0,0,1,10982.5013
29,0,24.6,2,0,2,4529.477
32,1,35.2,2,0,2,4670.64
37,0,34.105,1,0,3,6112.35295
18,1,27.36,1,1,0,17178.6824
43,0,26.7,2,1,2,22478.6
56,0,41.91,0,0,1,11093.6229
38,1,29.26,2,0,3,6457.8434
29,1,32.11,2,0,3,4433.9159
22,0,27.1,0,0,2,2154.361
52,0,24.13,1,1,3,23887.6627
40,0,27.4,1,0,2,6496.8859999999995
23,0,34.865,0,0,0,2899.48935
31,1,29.81,0,1,1,19350.3689
42,0,41.325,1,0,0,7650.77375
24,0,29.925,0,0,3,2850.68375
25,0,30.3,0,0,2,2632.992
48,0,27.36,1,0,0,9447.3824
23,0,28.49,1,1,1,18328.2381
45,1,23.56,2,0,0,8603.8234
20,1,35.625,3,1,3,37465.34375
62,0,32.68,0,0,3,13844.7972
43,0,25.27,1,1,0,21771.3423
23,0,28.0,0,0,2,13126.67745
31,0,32.775,2,0,3,5327.40025
41,0,21.755,1,0,0,13725.47184
58,0,32.395,1,0,0,13019.16105
48,0,36.575,0,0,3,8671.19125
31,0,21.755,0,0,3,4134.08245
19,0,27.93,3,0,3,18838.70366
19,0,30.02,0,1,3,33307.5508
41,1,33.55,0,0,1,5699.8375
40,1,29.355,1,0,3,6393.60345
31,0,25.8,2,0,2,4934.705
37,1,24.32,2,0,3,6198.7518
46,1,40.375,2,0,3,8733.22925
22,1,32.11,0,0,3,2055.3249
51,1,32.3,1,0,0,9964.06
18,0,27.28,3,1,1,18223.4512
35,1,17.86,1,0,3,5116.5004
59,0,34.8,2,0,2,36910.60803
36,1,33.4,2,1,2,38415.474
37,0,25.555,1,1,0,20296.86345
59,1,37.1,1,0,2,12347.171999999999
36,1,30.875,1,0,3,5373.36425
39,1,34.1,2,0,1,23563.016180000002
18,1,21.47,0,0,0,1702.4553
52,0,33.3,2,0,2,10806.839
27,0,31.255,1,0,3,3956.07145
18,1,39.14,0,0,0,12890.05765
40,1,25.08,0,0,1,5415.6612
29,1,37.29,2,0,1,4058.1161
46,0,34.6,1,1,2,41661.602
38,0,30.21,3,0,3,7537.1639
30,0,21.945,1,0,0,4718.20355
40,1,24.97,2,0,1,6593.5083
50,1,25.3,0,0,1,8442.667
20,0,24.42,0,1,1,26125.674769999998
41,1,23.94,1,0,0,6858.4796
33,0,39.82,1,0,1,4795.6568
38,1,16.815,2,0,0,6640.54485
42,1,37.18,2,0,1,7162.0122
56,1,34.43,0,0,1,10594.2257
58,1,30.305,0,0,0,11938.25595
52,1,34.485,3,1,3,60021.39897
20,0,21.8,0,1,2,20167.336030000002
54,0,24.605,3,0,3,12479.70895
58,1,23.3,0,0,2,11345.518999999998
45,0,27.83,2,0,1,8515.7587
26,1,31.065,0,0,3,2699.56835
63,0,21.66,0,0,0,14449.8544
58,0,28.215,0,0,3,12224.35085
37,1,22.705,3,0,0,6985.50695
25,0,42.13,1,0,1,3238.4357
52,1,41.8,2,1,1,47269.85400000001
64,1,36.96,2,1,1,49577.6624
22,0,21.28,3,0,3,4296.2712
28,0,33.11,0,0,1,3171.6149
18,1,33.33,0,0,1,1135.9407
28,1,24.3,5,0,2,5615.369000000001
45,0,25.7,3,0,2,9101.798
33,1,29.4,4,0,2,6059.173000000001
18,0,39.82,0,0,1,1633.9618
32,1,33.63,1,1,0,37607.5277
24,1,29.83,0,1,0,18648.4217
19,1,19.8,0,0,2,1241.565
20,1,27.3,0,1,2,16232.847
40,0,29.3,4,0,2,15828.821730000001
34,0,27.72,0,0,1,4415.1588
42,0,37.9,0,0,2,6474.013000000001
51,0,36.385,3,0,3,11436.73815
54,0,27.645,1,0,3,11305.93455
55,1,37.715,3,0,3,30063.58055
52,0,23.18,0,0,0,10197.7722
32,0,20.52,0,0,0,4544.2348
28,1,37.1,1,0,2,3277.1609999999996
41,0,28.05,1,0,1,6770.1925
43,0,29.9,1,0,2,7337.7480000000005
49,0,33.345,2,0,0,10370.91255
64,1,23.76,0,1,1,26926.5144
55,0,30.5,0,0,2,10704.47
24,1,31.065,0,1,0,34254.05335
20,0,33.3,0,0,2,1880.487
45,1,27.5,3,0,2,8615.3
26,1,33.915,1,0,3,3292.52985
25,0,34.485,0,0,3,3021.80915
43,1,25.52,5,0,1,14478.33015
35,1,27.61,1,0,1,4747.0529
26,1,27.06,0,1,1,17043.3414
57,1,23.7,0,0,2,10959.33
22,0,30.4,0,0,0,2741.948
32,0,29.735,0,0,3,4357.04365
39,1,29.925,1,1,0,22462.04375
25,0,26.79,2,0,3,4189.1131
48,0,33.33,0,0,1,8283.6807
47,0,27.645,2,1,3,24535.69855
18,0,21.66,0,1,0,14283.4594
18,1,30.03,1,0,1,1720.3537
61,1,36.3,1,1,2,47403.88
47,0,24.32,0,0,0,8534.6718
28,0,17.29,0,0,0,3732.6251
36,0,25.9,1,0,2,5472.4490000000005
20,1,39.4,2,1,2,38344.566
44,1,34.32,1,0,1,7147.4728
38,0,19.95,2,0,0,7133.9025
19,1,34.9,0,1,2,34828.654
21,1,23.21,0,0,1,1515.3449
46,1,25.745,3,0,3,9301.89355
58,1,25.175,0,0,0,11931.12525
20,1,22.0,1,0,2,1964.78
18,1,26.125,0,0,0,1708.92575
28,0,26.51,2,0,1,4340.4409
33,1,27.455,2,0,3,5261.46945
19,0,25.745,1,0,3,2710.82855
45,1,30.36,0,1,1,62592.87309
62,1,30.875,3,1,3,46718.16325
25,0,20.8,1,0,2,3208.7870000000003
43,1,27.8,0,1,2,37829.7242
42,1,24.605,2,1,0,21259.37795
24,0,27.72,0,0,1,2464.6188
29,0,21.85,0,1,0,16115.3045
32,1,28.12,4,1,3,21472.4788
25,0,30.2,0,1,2,33900.653
41,1,32.2,2,0,2,6875.960999999999
42,1,26.315,1,0,3,6940.90985
33,0,26.695,0,0,3,4571.41305
34,1,42.9,1,0,2,4536.259
19,0,34.7,2,1,2,36397.576
30,0,23.655,3,1,3,18765.87545
18,1,28.31,1,0,0,11272.331390000001
19,0,20.6,0,0,2,1731.6770000000001
18,1,53.13,0,0,1,1163.4627
35,1,39.71,4,0,0,19496.71917
39,0,26.315,2,0,3,7201.70085
31,1,31.065,3,0,3,5425.02335
62,1,26.695,0,1,0,28101.33305
62,1,38.83,0,0,1,12981.3457
42,0,40.37,2,1,1,43896.3763
31,1,25.935,1,0,3,4239.89265
61,1,33.535,0,0,0,13143.33665
42,0,32.87,0,0,0,7050.0213
51,1,30.03,1,0,1,9377.9047
23,0,24.225,2,0,0,22395.74424
52,1,38.6,2,0,2,10325.206
57,0,25.74,2,0,1,12629.1656
23,0,33.4,0,0,2,10795.937329999999
52,0,44.7,3,0,2,11411.685
50,1,30.97,3,0,3,10600.5483
18,0,31.92,0,0,0,2205.9808
18,0,36.85,0,0,1,1629.8335
21,0,25.8,0,0,2,2007.945
61,0,29.07,0,1,3,29141.3603
